100% Pure Sesame Oil,001A,5 gl. tin_Box of 12 x 10 oz. bottles_Box of 24 x 6 oz. bottles
Chinese Sesame Oil,001B,Box of 4 x 1 gl. bottles_Box of 6 x 1/2 gl. bottle_Box of 12 x 16 oz. bottles_Box of 24 x 8 oz. bottles
Jaisun Sesame Oil,001C,Box of 4 x 1 gl. bottles_Box of 6 x 1/2 gl. bottle_Box of 12 x 16 oz. bottles_Box of 24 x 8 oz. bottles
Meiwei Sesame Oil,001D,Box of 4 x 1 gl. bottles_Box of 6 x 1/2 gl. bottle_Box of 12 x 16 oz. bottles_Box of 24 x 8 oz. bottles
Sesame Oil,001E1,Box of 4 x 1 gl. bottles
100% Black Sesame Oil,001F,Box of 4 x 1 gl. bottles_Box of 12 x 16 oz. bottles_Box of 24 x 6 oz. bottles
Chili Oil,007A,Box of 4 x 1 gl. bottles_Box of 12 x 10 oz. bottles_Box of 24 x 8 oz. bottles
Hot Sesame Oil,007H6,Box of 12 x 6 oz. bottles
Gong San Chili Sauce®,004A,Box of 4 x 1 gl. bottles_Box of 12 x 16 oz. bottles_Box of 24 x 8 oz. bottles
Gong San Hot Bean Sauce®,005A,Box of 4 x 1 gl. bottles_Box of 12 x 16 oz. bottles_Box of 24 x 8 oz. bottles
Gong San Bean Sauce®,006A,Box of 4 x 1 gl. bottles_Box of 12 x 16 oz. bottles_Box of 24 x 8 oz. bottles
Hot Broad Bean Sauce,005E,Box of 4 x 1 gl. bottles_Box of 12 x 16 oz. bottles_Box of 24 x 8 oz. bottles
Fermented Broad Bean Paste,006E33,Box of 33 kg. bag
Sweet Flour Sauce,006D,Box of 4 x 1 gl. bottles_Box of 12 x 16 oz. bottles_Box of 24 x 8 oz. bottles
Sesame Paste,003A,Box of 4 x 1 gl. bottles_Box of 12 x 16 oz. bottles_Box of 24 x 8 oz. bottles
Black Sesame Paste,003B,Box of 4 x 1 gl. bottles_Box of 12 x 16 oz. bottles_Box of 24 x 8 oz. bottles
Hunan Chili Sauce,004H1,Box of 4 x 1 gl. bottles
Preserved Bean,006B,Box of 10 x 5 lb. bags
Preserved Bean,006C,Box of 10 x 5 lb. bags
Uncle Chen® Chili Garlic Sauce,004D,Box of 4 x 1 gl. bottles_Box of 12 x 16 oz. bottles_Box of 24 x 8 oz. bottles
Uncle Chen® Extra Hot Chili Garlic Sauce,004DH,Box of 4 x 1 gl. bottles_Box of 12 x 16 oz. bottles
Uncle Chen® Fresh Ground Chili Paste,004E,Box of 4 x 1 gl. bottles_Box of 12 x 16 oz. bottles_Box of 24 x 8 oz. bottles
Uncle Chen® Extra Hot Fresh Ground Chili Paste,004EH,Box of 4 x 1 gl. bottles_Box of 12 x 16 oz. bottles
Uncle Chen® Sriracha Chili Sauce,004B,Pail of 5 gl._Box of 12 x 28 oz. bottles_Box of 12 x 17 oz. bottles
Chili Pods,008B,Box of 6 x 5 lb. bags
Chili Ring,008R,Box of 6 x 5 lb. bags
Crushed Chili,009B,Box of 6 x 5 lb. bags
Extra Hot Crushed Chili,009BX,Bag of 55 lb.
Paprika,010,Box of 10 x 5 lb. bags_Box of 10 lb bag_Box of 4 x 5 lb. jar
Cayenne,011,Box of 10 x 5 lb. bags_Box of 10 lb bag_Box of 4 x 5 lb. jar
Garlic Flake,012,Box of 10 x 5 lb. bags
Chopped Garlic,013,Box of 10 x 5 lb. bags_Box of 4 x 5 lb. jar
Minced Garlic,014,Box of 10 x 5 lb. bags_Box of 4 x 5 lb. jar
Granule Garlic,015,Box of 10 x 5 lb. bags_Box of 4 x 5 lb. jar
Garlic Powder,016,Box of 10 x 5 lb. bags_Box of 4 x 5 lb. jar
Chopped Onion,049,Box of 30 lb. bag_Box of 6 x 5 lb. bags_Box of 4 x 4 lb. jar
Onion Powder,049D,Box of 50 lb. bag_Box of 10 x 5 lb. bags_Box of 4 x 5 lb. jar
Fried Onion,049FO,Box of 50 x 1 lb. bags
Curry Powder,019,Box of 10 x 5 lb. bags_Box of 10 lb bag_Box of 4 x 5 lb. jar
Ginger Powder,021,Box of 10 x 5 lb. bags_Box of 4 x 5 lb. jar
Cooking Wine,022,Box of 4 x 3 liter bottles
Bay Leaves,027,Box of 10 lb._Bag of 5 lb.
Cinnimon Stick,028,Box of 50 x 1 lb. bags
Ground Cinnamon,028D,Box of 10 x 5 lb. bags_Box of 4 x 5 lb. jar
MSG,029,Paper Bag of 50 lb.
MSG Substitute,029B,Pail of 40 lb.
Basil,040,Box of 10 x 5 lb. bags
Red Prickly Ash,041A,Box of 10 x 5 lb. bags
Pepper Corn,041B,Box of 50 x 1 lb. bags
Ground Pepper Corn,041B,Box of 4 x 5 lb. jar
Prickly Ash Oil,041OIL,Box of 6 x 1.8 liter bottles
Vine Oil,041VINEOIL,Box of 4 x 2.5 liter tins
Green Pepper Corn,041G,Box of 10 x 5 lb. bags
Star Anise,042,Box of 50 x 1 lb. bags
Ground Star Anise,042D,Box of 50 x 1 lb. bags
Cloves,046,Box of 10 x 5 lb. bags_Box of 50 x 1 lb. bags
Ground Cloves,046D,Box of 4 x 5 lb. jar
Fennel Seed,047,Box of 10 x 5 lb. bags
Ground Fennel Seed,047D,Box of 4 x 5 lb. jar
Ground Turmeric,048,Box of 10 x 5 lb. bags_Box of 4 x 5 lb. jar
Five-Spices Powder,051,Box of 50 x 1 lb. bags
Meat Tenderizer,050,Box of 4 x 10 lb. jar
Orange Peel,052,Box of 50 x 1 lb. bags
Ground Orange Peel,052D,Box of 50 x 1 lb. bags
Luo Han Guo,053,Box of 20 x 1 ea
Spicy Ginger Flake,054,Box of 50 x 1 lb. bags
Ground Spicy Ginger,054D,Box of 50 x 1 lb. bags
Tsaoko Cardamom,055,Box of 50 x 1 lb. bags
Licorice,056,Box of 50 x 1 lb. bags
Ground Licorice,056D,Box of 50 x 1 lb. bags
Coriander,057,Box of 10 x 5 lb. bags
Ground Coriander,057D,Box of 10 x 5 lb. bags_Box of 4 x 5 lb. jar
Mixed Seasoning,058,Box of 50 x 1 lb. bags
Cumin,059,Box of 10 x 5 lb. bags_Box of 4 x 5 lb. jar
Ground Cumin,059D,Box of 10 x 5 lb. bags_Box of 4 x 5 lb. jar
Cardamom,085,Box of 50 x 1 lb. bags
Ground Celery,086D,Box of 10 x 5 lb. bags_Box of 4 x 5 lb. jar
Galanga,087,Box of 50 x 1 lb. bags
Chinese Angelica Root,088,Box of 50 x 1 lb. bags
Goji Berry,089,Box of 50 x 1 lb. bags
Codonopsis Root,090,Box of 50 x 1 lb. bags
Nutmeg,091,Box of 50 x 1 lb. bags
Ground Nutmeg,091D,Box of 10 x 5 lb. bags_Box of 4 x 5 lb. jar
Dried Red Dates,092,Box of 44 lb. bags
Rhizoma Polygonati Odorati,093,Box of 50 x 1 lb. bags
Chinese Yam Rhizome,094,Box of 50 x 1 lb. bags
"Lemon Grass (1/8"")",097,Paper bag of 55 lb
Dried Longan,098,Box of 22 lb. bags
Dried Bean Stick,099,Box of 50 x 5 oz. bags
Rhizoma Galangae,101,Box of 50 x 1 lb. bags
Long Pepper,105,Box of 50 x 1 lb. bags
Rhizoma Curculiginis,106,Box of 50 x 1 lb. bags
Radix Angelicae,107,Box of 50 x 1 lb. bags
Murraya Exotica,108,Box of 50 x 1 lb. bags
Preserved Haw Slice,113,Box of 50 x 1 lb. bags
Fructus Amomi,114,Box of 50 x 1 lb. bags
Steak Seasoning,115,Box of 10 x 5 lb. bags_Box of 4 x 5 lb. jar
Hemlock Parsley,118,Box of 50 x 1.33 lb. bags
Smoked Plum,122,Box of 50 x 1 lb. bags
Whole White Pepper,017W,Box of 10 x 5 lb. bags_Box of 4 x 5 lb. jar
Ground White Pepper,017,Box of 10 x 5 lb. bags_Box of 10 lb. bag_Box of 4 x 5 lb. jar
Whole Blacke Pepper,018W,Box of 10 x 5 lb. bags_Box of 4 x 5 lb. jar
Ground Black Pepper,018,Box of 10 x 5 lb. bags_Box of 4 x 5 lb. jar
Salted Pepper Shake,017SP,Box of 10 x 5 lb. bags_Box of 4 x 5 lb. jar
Mustard Flour,020,Box of 10 x 5 lb. bags_Box of 10 lb. bag_Box of 4 x 5 lb. jar
Japanese Wasabi Powder,020W,Box of 10 x 2.2 lb. bags
Cashew Nut,030A,Box of 50 lb. bag_Box of 10 x 5 lb. bags_Box of 2 x 25 lb. tins
Almond,031A,Box of 25 lb. bag_Box of 5 x 5 lb. bags
Peanut (American),032A,Box of 30 lb.
Peanut (Chinese),032C,Box of 10 x 5 lb. bags
Peanut (with Skin),032B,Box of 30 lb. bag
Walnut (Halves),033B,Box of 22 lb. bag_Box of 4 x 5 lb. bags
Pine Nut,034,Box of 27.5 lb. bag_Box of 10 x 5 lb. bags
Pecan,035,Box of 30 lb.
Red Bean,036,Bag of 50 lb.
White Sesame Seed,002A,Box of 50 lb. bag_Box of 6 x 5 lb. bags
Black Sesame Seed,002B,Box of 50 lb. bag_Box of 6 x 5 lb. bags
Oolong Tea,026A,Box of 6 x 5 lb. bags
Oolong Tea Bag,026AL,Box of 2 grams of 100 bags x 50 bags
Jasmine Tea,026B,Box of 6 x 5 lb. bags
Jasmine Tea Bag,026BL,Box of 2 grams of 100 bags x 50 bags
Green Tea,026C,Box of 6 x 5 lb. bags
Green Tea Bag,026CL,Box of 2 grams of 100 bags x 50 bags
Black Tea Bag,026D,Box of 2 grams of 100 bags x 50 bags
Mushroom (Stripe),044B,Box of 5 x 5 lb. bags
Flower Mushroom (4-5cm),044CL,Box of 5 x 5 lb. bags
Flower Mushroom (3-4cm),044CM,Box of 5 x 5 lb. bags
Mushroom (Stripe),O44AL,Box of 5 x 5 lb. bags
Mushroom (Stripe),O44AM,Box of 5 x 5 lb. bags
Dried Lily Flowers,045,Box of 100 x 6 oz. bags
Bamboo Fungus,061,Box of 50 x 5 oz. bags
Black Fungus,043A,Box of 6 x 5 lb. bags
Black Fungus (Stripe),043B,Box of 20 x 12 oz. bags
Cloud Black Fungus,043C,Box of 6 x 5 lb. bags
White Fungus,043D,Box of 6 x 5 lb. bags
Sea Cucumber,060A,Box of 50 lb. bag_Box of 10 x 5 lb. bags
Jelly Fish,062A,Box of 55 lb. bag 
Jelly Fish (Head),062B,Box of 30 lb. bag 
Jslly Fish (Stripe),062C,Box of 30 lb. bag 
Dried Fish Bladder,068,Box of 18 x 1 lb. bag 
Dried Seaweed (Stripe),082A,Box of 100 x 4 oz. bag 
Dried Seaweed ,082B,Box of 100 x 7 oz. bag 
Chopsticks,070A,Box of 100 pieces x 10 bags
Stainless Scrubber,071,Box of 6 ea x 12 cs
Zero Pollution Clerner (ND3),100,Box of 4 x 1 gl. bottles_Box of 12 x 16 oz. bottles